Level,SAR_Count,SAR_%,Human_Count,Human_%,Overall_Count,Overall_%
High-level (signature),5433,53.26992842435533,3663357,54.85222710831458,28794,55.99657727387643
Medium-level (signature + block),1954,19.158741053044416,1384101,20.724440013038674,9602,18.673304680966922
Low-level (code block),2812,27.571330522600256,1629925,24.405215290106764,13025,25.330118045156645
