metric,duplication,legacy_code,readability,dependency,maintainability,testability,hard_to_debug,repurpose_reuse,slow_performance,logical_mismatch
Design Smell – Unutilized Abstraction*,0.0,0.0,2.85714285714285,100.0,9.79020979020979,0.0,,33.33333333333333,0.0,0.0
Class-Level Metric – Depth of Inheritance Tree*,0.0,0.0,2.32558139534883,0.0,1.63461538461538,0.0,0.0,0.0,0.0,
Class-Level Metric – Fan-Out*,0.0,40.0,2.32558139534883,0.0,7.78846153846153,18.18181818181818,50.0,0.0,0.0,
Class-Level Metric – Number of Methods*,50.0,50.0,41.86046511627907,0.0,9.03846153846153,1.8181818181818101,0.0,0.0,0.0,
Class-Level Metric – Weighted Methods per Class*,50.0,40.0,41.86046511627907,0.0,13.26923076923077,3.63636363636363,0.0,0.0,0.0,
Class-Level Metric – Lines of Code*,50.0,50.0,53.48837209302325,0.0,18.36538461538461,41.81818181818181,0.0,0.0,0.0,
Method-Level Metric – Parameter Count*,8.24742268041237,20.0,5.23255813953488,0.0,12.08483393357343,0.6896551724137899,0.0,7.69230769230769,20.0,0.0
Method-Level Metric – Cyclomatic Complexity*,41.23711340206185,0.0,18.02325581395348,25.0,27.130852340936368,3.44827586206896,0.0,15.38461538461538,20.0,0.0
Method-Level Metric – Lines of Code*,58.76288659793815,30.0,33.13953488372093,50.0,41.29651860744298,9.6551724137931,16.66666666666666,15.38461538461538,20.0,0.0
