metric,Self-Affirmed,Non-SAR
Class-Level Metric – Fan-Out*,5.02024291497975,2.97427652733119
Method-Level Metric – Cyclomatic Complexity*,15.79719813208805,6.85493053974037
Method-Level Metric – Lines of Code*,26.40426951300867,14.50694602596219
